Daily activity on Wed Mar 26 23:45:39 UTC 2025
Daily activity on Thu Mar 27 06:47:54 UTC 2025
Daily activity on Thu Mar 27 16:39:53 UTC 2025
Daily activity on Fri Mar 28 06:48:40 UTC 2025
Daily activity on Sat Mar 29 06:41:09 UTC 2025
Daily activity on Sun Mar 30 06:42:31 UTC 2025
Daily activity on Mon Mar 31 06:48:13 UTC 2025
Daily activity on Tue Apr  1 06:51:03 UTC 2025
Daily activity on Wed Apr  2 06:46:45 UTC 2025
Daily activity on Thu Apr  3 06:47:29 UTC 2025
Daily activity on Fri Apr  4 06:46:36 UTC 2025
Daily activity on Sat Apr  5 06:41:32 UTC 2025
Daily activity on Sun Apr  6 06:46:47 UTC 2025
Daily activity on Mon Apr  7 06:48:51 UTC 2025
Daily activity on Tue Apr  8 06:48:13 UTC 2025
Daily activity on Wed Apr  9 06:48:37 UTC 2025
Daily activity on Thu Apr 10 06:47:57 UTC 2025
Daily activity on Fri Apr 11 06:47:51 UTC 2025
Daily activity on Sat Apr 12 06:42:40 UTC 2025
Daily activity on Sun Apr 13 06:43:35 UTC 2025
Daily activity on Mon Apr 14 06:50:11 UTC 2025
Daily activity on Tue Apr 15 06:48:25 UTC 2025
Daily activity on Wed Apr 16 06:48:33 UTC 2025
Daily activity on Thu Apr 17 06:48:09 UTC 2025
Daily activity on Fri Apr 18 06:47:29 UTC 2025
Daily activity on Sat Apr 19 06:43:06 UTC 2025
Daily activity on Sun Apr 20 06:43:34 UTC 2025
Daily activity on Mon Apr 21 06:50:18 UTC 2025
Daily activity on Tue Apr 22 06:48:38 UTC 2025
Daily activity on Wed Apr 23 06:48:34 UTC 2025
Daily activity on Thu Apr 24 06:49:35 UTC 2025
Daily activity on Fri Apr 25 06:48:46 UTC 2025
Daily activity on Sat Apr 26 06:42:09 UTC 2025
Daily activity on Sun Apr 27 06:12:23 UTC 2025
Daily activity on Mon Apr 28 06:21:49 UTC 2025
Daily activity on Tue Apr 29 06:14:24 UTC 2025
Daily activity on Wed Apr 30 06:14:04 UTC 2025
Daily activity on Thu May  1 06:14:27 UTC 2025
Daily activity on Fri May  2 06:14:02 UTC 2025
Daily activity on Sat May  3 06:12:22 UTC 2025
Daily activity on Sun May  4 06:13:04 UTC 2025
Daily activity on Mon May  5 06:14:49 UTC 2025
Daily activity on Tue May  6 06:14:01 UTC 2025
Daily activity on Wed May  7 06:14:13 UTC 2025
Daily activity on Thu May  8 06:14:18 UTC 2025
Daily activity on Fri May  9 06:14:41 UTC 2025
Daily activity on Sat May 10 06:12:04 UTC 2025
Daily activity on Sun May 11 06:12:38 UTC 2025
Daily activity on Mon May 12 06:14:53 UTC 2025
Daily activity on Tue May 13 06:14:24 UTC 2025
Daily activity on Wed May 14 06:14:19 UTC 2025
Daily activity on Thu May 15 06:14:23 UTC 2025
Daily activity on Fri May 16 06:14:16 UTC 2025
Daily activity on Sat May 17 06:12:43 UTC 2025
Daily activity on Sun May 18 06:13:13 UTC 2025
Daily activity on Mon May 19 06:15:05 UTC 2025
Daily activity on Tue May 20 06:14:39 UTC 2025
Daily activity on Wed May 21 06:14:27 UTC 2025
Daily activity on Thu May 22 06:14:42 UTC 2025
Daily activity on Fri May 23 06:13:59 UTC 2025
Daily activity on Sat May 24 06:12:18 UTC 2025
Daily activity on Sun May 25 06:12:46 UTC 2025
Daily activity on Mon May 26 06:15:12 UTC 2025
Daily activity on Tue May 27 06:14:15 UTC 2025
Daily activity on Wed May 28 06:14:22 UTC 2025
Daily activity on Thu May 29 06:14:25 UTC 2025
Daily activity on Fri May 30 06:14:12 UTC 2025
Daily activity on Sat May 31 06:12:46 UTC 2025
Daily activity on Sun Jun  1 06:13:34 UTC 2025
Daily activity on Mon Jun  2 06:15:33 UTC 2025
Daily activity on Tue Jun  3 06:14:42 UTC 2025
Daily activity on Wed Jun  4 06:14:32 UTC 2025
Daily activity on Thu Jun  5 06:15:00 UTC 2025
Daily activity on Fri Jun  6 06:14:46 UTC 2025
Daily activity on Sat Jun  7 06:12:54 UTC 2025
Daily activity on Sun Jun  8 06:13:40 UTC 2025
Daily activity on Mon Jun  9 06:15:41 UTC 2025
Daily activity on Tue Jun 10 06:14:35 UTC 2025
Daily activity on Wed Jun 11 06:15:03 UTC 2025
Daily activity on Thu Jun 12 06:15:05 UTC 2025
Daily activity on Fri Jun 13 06:14:47 UTC 2025
Daily activity on Sat Jun 14 06:13:05 UTC 2025
Daily activity on Sun Jun 15 06:13:05 UTC 2025
Daily activity on Mon Jun 16 06:16:03 UTC 2025
Daily activity on Tue Jun 17 06:15:00 UTC 2025
Daily activity on Wed Jun 18 06:14:53 UTC 2025
Daily activity on Thu Jun 19 06:15:04 UTC 2025
Daily activity on Fri Jun 20 06:15:02 UTC 2025
Daily activity on Sat Jun 21 06:13:08 UTC 2025
Daily activity on Sun Jun 22 06:13:37 UTC 2025
Daily activity on Mon Jun 23 06:16:15 UTC 2025
Daily activity on Tue Jun 24 06:15:45 UTC 2025
Daily activity on Wed Jun 25 06:15:37 UTC 2025
Daily activity on Thu Jun 26 06:15:12 UTC 2025
Daily activity on Fri Jun 27 06:15:22 UTC 2025
Daily activity on Sat Jun 28 06:13:08 UTC 2025
Daily activity on Sun Jun 29 06:13:38 UTC 2025
Daily activity on Mon Jun 30 06:15:52 UTC 2025
Daily activity on Tue Jul  1 06:15:26 UTC 2025
Daily activity on Wed Jul  2 06:15:44 UTC 2025
Daily activity on Thu Jul  3 06:15:27 UTC 2025
Daily activity on Fri Jul  4 06:15:16 UTC 2025
Daily activity on Sat Jul  5 06:13:13 UTC 2025
Daily activity on Sun Jul  6 06:13:46 UTC 2025
Daily activity on Mon Jul  7 06:16:00 UTC 2025
Daily activity on Tue Jul  8 06:15:13 UTC 2025
Daily activity on Wed Jul  9 06:15:16 UTC 2025
Daily activity on Thu Jul 10 06:15:41 UTC 2025
Daily activity on Fri Jul 11 06:15:23 UTC 2025
Daily activity on Sat Jul 12 06:13:55 UTC 2025
Daily activity on Sun Jul 13 06:14:15 UTC 2025
Daily activity on Mon Jul 14 06:16:57 UTC 2025
Daily activity on Tue Jul 15 06:16:09 UTC 2025
Daily activity on Wed Jul 16 06:16:02 UTC 2025
Daily activity on Thu Jul 17 06:16:00 UTC 2025
Daily activity on Fri Jul 18 06:16:00 UTC 2025
Daily activity on Sat Jul 19 06:14:03 UTC 2025
Daily activity on Sun Jul 20 06:14:27 UTC 2025
Daily activity on Mon Jul 21 06:16:49 UTC 2025
Daily activity on Tue Jul 22 06:16:08 UTC 2025
Daily activity on Wed Jul 23 06:16:35 UTC 2025
Daily activity on Thu Jul 24 06:16:10 UTC 2025
Daily activity on Fri Jul 25 06:16:14 UTC 2025
Daily activity on Sat Jul 26 06:14:09 UTC 2025
Daily activity on Sun Jul 27 06:14:47 UTC 2025
Daily activity on Mon Jul 28 06:18:20 UTC 2025
Daily activity on Tue Jul 29 06:17:31 UTC 2025
Daily activity on Wed Jul 30 06:17:48 UTC 2025
Daily activity on Thu Jul 31 06:16:44 UTC 2025
Daily activity on Fri Aug  1 06:18:23 UTC 2025
Daily activity on Sat Aug  2 06:13:58 UTC 2025
Daily activity on Sun Aug  3 06:14:48 UTC 2025
Daily activity on Mon Aug  4 06:22:19 UTC 2025
Daily activity on Tue Aug  5 06:18:21 UTC 2025
Daily activity on Wed Aug  6 06:18:23 UTC 2025
Daily activity on Thu Aug  7 06:17:37 UTC 2025
Daily activity on Fri Aug  8 06:17:44 UTC 2025
Daily activity on Sat Aug  9 06:14:08 UTC 2025
Daily activity on Sun Aug 10 06:14:29 UTC 2025
Daily activity on Mon Aug 11 06:17:38 UTC 2025
Daily activity on Tue Aug 12 06:16:13 UTC 2025
Daily activity on Wed Aug 13 06:15:50 UTC 2025
Daily activity on Thu Aug 14 06:15:44 UTC 2025
Daily activity on Fri Aug 15 06:15:42 UTC 2025
Daily activity on Sat Aug 16 06:13:43 UTC 2025
Daily activity on Sun Aug 17 06:14:01 UTC 2025
Daily activity on Mon Aug 18 06:17:05 UTC 2025
Daily activity on Tue Aug 19 06:14:54 UTC 2025
Daily activity on Wed Aug 20 06:15:08 UTC 2025
Daily activity on Thu Aug 21 06:19:37 UTC 2025
Daily activity on Fri Aug 22 06:14:46 UTC 2025
Daily activity on Sat Aug 23 06:12:53 UTC 2025
Daily activity on Sun Aug 24 06:13:40 UTC 2025
Daily activity on Mon Aug 25 06:16:19 UTC 2025
Daily activity on Tue Aug 26 06:15:20 UTC 2025
Daily activity on Wed Aug 27 06:14:31 UTC 2025
Daily activity on Thu Aug 28 06:14:57 UTC 2025
Daily activity on Fri Aug 29 06:14:42 UTC 2025
Daily activity on Sat Aug 30 06:12:12 UTC 2025
Daily activity on Sun Aug 31 06:13:06 UTC 2025
Daily activity on Mon Sep  1 06:16:36 UTC 2025
Daily activity on Tue Sep  2 06:15:25 UTC 2025
Daily activity on Wed Sep  3 06:14:02 UTC 2025
Daily activity on Thu Sep  4 06:14:10 UTC 2025
Daily activity on Fri Sep  5 06:14:21 UTC 2025
Daily activity on Sat Sep  6 06:12:19 UTC 2025
Daily activity on Sun Sep  7 06:12:22 UTC 2025
Daily activity on Mon Sep  8 06:15:36 UTC 2025
Daily activity on Tue Sep  9 06:14:52 UTC 2025
Daily activity on Wed Sep 10 06:14:31 UTC 2025
Daily activity on Thu Sep 11 06:14:48 UTC 2025
Daily activity on Fri Sep 12 06:14:10 UTC 2025
Daily activity on Sat Sep 13 06:12:16 UTC 2025
Daily activity on Sun Sep 14 06:12:29 UTC 2025
Daily activity on Mon Sep 15 06:15:58 UTC 2025
Daily activity on Tue Sep 16 06:14:34 UTC 2025
Daily activity on Wed Sep 17 06:14:46 UTC 2025
Daily activity on Thu Sep 18 06:14:38 UTC 2025
Daily activity on Fri Sep 19 06:14:38 UTC 2025
Daily activity on Sat Sep 20 06:12:48 UTC 2025
Daily activity on Sun Sep 21 06:13:07 UTC 2025
Daily activity on Mon Sep 22 06:15:36 UTC 2025
Daily activity on Tue Sep 23 06:14:53 UTC 2025
Daily activity on Wed Sep 24 06:14:38 UTC 2025
Daily activity on Thu Sep 25 06:14:53 UTC 2025
Daily activity on Fri Sep 26 06:14:22 UTC 2025
Daily activity on Sat Sep 27 06:12:18 UTC 2025
Daily activity on Sun Sep 28 06:12:52 UTC 2025
Daily activity on Mon Sep 29 06:16:24 UTC 2025
Daily activity on Tue Sep 30 06:15:03 UTC 2025
Daily activity on Wed Oct  1 06:14:37 UTC 2025
Daily activity on Thu Oct  2 06:14:08 UTC 2025
Daily activity on Fri Oct  3 06:14:05 UTC 2025
Daily activity on Sat Oct  4 06:12:25 UTC 2025
Daily activity on Sun Oct  5 06:12:25 UTC 2025
Daily activity on Mon Oct  6 06:15:14 UTC 2025
Daily activity on Tue Oct  7 06:14:37 UTC 2025
Daily activity on Wed Oct  8 06:14:50 UTC 2025
Daily activity on Thu Oct  9 06:15:02 UTC 2025
Daily activity on Fri Oct 10 06:14:40 UTC 2025
Daily activity on Sat Oct 11 06:12:27 UTC 2025
Daily activity on Sun Oct 12 06:12:34 UTC 2025
Daily activity on Mon Oct 13 06:16:10 UTC 2025
Daily activity on Tue Oct 14 06:15:27 UTC 2025
Daily activity on Wed Oct 15 06:15:05 UTC 2025
Daily activity on Thu Oct 16 06:15:12 UTC 2025
Daily activity on Fri Oct 17 06:14:33 UTC 2025
Daily activity on Sat Oct 18 06:12:56 UTC 2025
Daily activity on Sun Oct 19 06:13:56 UTC 2025
Daily activity on Mon Oct 20 06:15:54 UTC 2025
Daily activity on Tue Oct 21 06:15:21 UTC 2025
Daily activity on Wed Oct 22 06:15:21 UTC 2025
Daily activity on Thu Oct 23 06:15:00 UTC 2025
Daily activity on Fri Oct 24 06:14:23 UTC 2025
Daily activity on Sat Oct 25 06:12:59 UTC 2025
Daily activity on Sun Oct 26 06:13:14 UTC 2025
Daily activity on Mon Oct 27 06:17:04 UTC 2025
Daily activity on Tue Oct 28 06:16:04 UTC 2025
Daily activity on Wed Oct 29 06:16:06 UTC 2025
Daily activity on Thu Oct 30 06:15:12 UTC 2025
Daily activity on Fri Oct 31 06:15:22 UTC 2025
Daily activity on Sat Nov  1 06:13:24 UTC 2025
Daily activity on Sun Nov  2 06:14:17 UTC 2025
Daily activity on Mon Nov  3 06:16:26 UTC 2025
Daily activity on Tue Nov  4 06:15:51 UTC 2025
Daily activity on Wed Nov  5 06:15:49 UTC 2025
Daily activity on Thu Nov  6 06:16:00 UTC 2025
Daily activity on Fri Nov  7 06:15:45 UTC 2025
Daily activity on Sat Nov  8 06:13:40 UTC 2025
Daily activity on Sun Nov  9 06:13:55 UTC 2025
Daily activity on Mon Nov 10 06:17:09 UTC 2025
Daily activity on Tue Nov 11 06:16:05 UTC 2025
Daily activity on Wed Nov 12 06:15:56 UTC 2025
Daily activity on Thu Nov 13 06:16:20 UTC 2025
Daily activity on Fri Nov 14 06:15:56 UTC 2025
Daily activity on Sat Nov 15 06:13:58 UTC 2025
Daily activity on Sun Nov 16 06:14:27 UTC 2025
Daily activity on Mon Nov 17 06:16:36 UTC 2025
Daily activity on Tue Nov 18 06:15:43 UTC 2025
Daily activity on Wed Nov 19 06:15:23 UTC 2025
Daily activity on Thu Nov 20 06:15:20 UTC 2025
Daily activity on Fri Nov 21 06:16:02 UTC 2025
Daily activity on Sat Nov 22 06:13:43 UTC 2025
Daily activity on Sun Nov 23 06:14:12 UTC 2025
Daily activity on Mon Nov 24 06:16:49 UTC 2025
Daily activity on Tue Nov 25 06:16:30 UTC 2025
Daily activity on Wed Nov 26 06:16:34 UTC 2025
Daily activity on Thu Nov 27 06:16:38 UTC 2025
Daily activity on Fri Nov 28 06:16:32 UTC 2025
Daily activity on Sat Nov 29 06:14:27 UTC 2025
Daily activity on Sun Nov 30 06:15:07 UTC 2025
Daily activity on Mon Dec  1 06:17:56 UTC 2025
Daily activity on Tue Dec  2 06:17:17 UTC 2025
Daily activity on Wed Dec  3 06:17:00 UTC 2025
Daily activity on Thu Dec  4 06:16:34 UTC 2025
Daily activity on Fri Dec  5 06:17:16 UTC 2025
Daily activity on Sat Dec  6 06:14:28 UTC 2025
Daily activity on Sun Dec  7 06:14:27 UTC 2025
Daily activity on Mon Dec  8 06:18:37 UTC 2025
Daily activity on Tue Dec  9 06:17:13 UTC 2025
Daily activity on Wed Dec 10 06:17:33 UTC 2025
Daily activity on Thu Dec 11 06:17:54 UTC 2025
Daily activity on Fri Dec 12 06:17:32 UTC 2025
Daily activity on Sat Dec 13 06:14:57 UTC 2025
Daily activity on Sun Dec 14 06:15:26 UTC 2025
Daily activity on Mon Dec 15 06:19:00 UTC 2025
Daily activity on Tue Dec 16 06:17:45 UTC 2025
Daily activity on Wed Dec 17 06:17:23 UTC 2025
Daily activity on Thu Dec 18 06:17:14 UTC 2025
Daily activity on Fri Dec 19 06:16:55 UTC 2025
Daily activity on Sat Dec 20 06:16:15 UTC 2025
Daily activity on Sun Dec 21 06:15:43 UTC 2025
Daily activity on Mon Dec 22 06:18:30 UTC 2025
Daily activity on Tue Dec 23 06:17:40 UTC 2025
Daily activity on Wed Dec 24 06:17:43 UTC 2025
Daily activity on Thu Dec 25 06:17:24 UTC 2025
Daily activity on Fri Dec 26 06:17:25 UTC 2025
Daily activity on Sat Dec 27 06:16:08 UTC 2025
Daily activity on Sun Dec 28 06:16:14 UTC 2025
Daily activity on Mon Dec 29 06:19:47 UTC 2025
Daily activity on Tue Dec 30 06:17:30 UTC 2025
Daily activity on Wed Dec 31 06:17:37 UTC 2025
Daily activity on Thu Jan  1 06:17:53 UTC 2026
Daily activity on Fri Jan  2 06:17:52 UTC 2026
Daily activity on Sat Jan  3 06:16:07 UTC 2026
Daily activity on Sun Jan  4 06:16:23 UTC 2026
Daily activity on Mon Jan  5 06:23:00 UTC 2026
Daily activity on Tue Jan  6 06:17:58 UTC 2026
Daily activity on Wed Jan  7 06:17:47 UTC 2026
Daily activity on Thu Jan  8 06:17:54 UTC 2026
Daily activity on Fri Jan  9 06:17:47 UTC 2026
Daily activity on Sat Jan 10 06:15:42 UTC 2026
Daily activity on Sun Jan 11 06:16:37 UTC 2026
Daily activity on Mon Jan 12 06:20:49 UTC 2026
Daily activity on Tue Jan 13 06:17:51 UTC 2026
Daily activity on Wed Jan 14 06:19:51 UTC 2026
Daily activity on Thu Jan 15 06:17:59 UTC 2026
Daily activity on Fri Jan 16 06:18:12 UTC 2026
Daily activity on Sat Jan 17 06:15:59 UTC 2026
Daily activity on Sun Jan 18 06:16:39 UTC 2026
Daily activity on Mon Jan 19 06:22:24 UTC 2026
Daily activity on Tue Jan 20 06:20:04 UTC 2026
Daily activity on Wed Jan 21 06:20:35 UTC 2026
Daily activity on Thu Jan 22 06:19:22 UTC 2026
Daily activity on Fri Jan 23 06:18:37 UTC 2026
Daily activity on Sat Jan 24 06:16:38 UTC 2026
Daily activity on Sun Jan 25 06:17:04 UTC 2026
Daily activity on Mon Jan 26 06:21:48 UTC 2026
Daily activity on Tue Jan 27 06:19:28 UTC 2026
Daily activity on Wed Jan 28 06:20:16 UTC 2026
Daily activity on Thu Jan 29 06:32:32 UTC 2026
Daily activity on Fri Jan 30 06:33:57 UTC 2026
Daily activity on Sat Jan 31 06:24:18 UTC 2026
